フ,シ,ギ,ダ,ネ
フ,シ,ギ,ソ,ウ
フ,シ,ギ,バ,ナ
ヒ,ト,カ,ゲ
リ,ザ,ー,ド
リ,ザ,ー,ド,ン
ゼ,ニ,ガ,メ
カ,メ,ー,ル
カ,メ,ッ,ク,ス
キ,ャ,タ,ピ,ー
ト,ラ,ン,セ,ル
バ,タ,フ,リ,ー
ビ,ー,ド,ル
コ,ク,ー,ン
ス,ピ,ア,ー
ポ,ッ,ポ
ピ,ジ,ョ,ン
ピ,ジ,ョ,ッ,ト
コ,ラ,ッ,タ
ラ,ッ,タ
オ,ニ,ス,ズ,メ
オ,ニ,ド,リ,ル
ア,ー,ボ
ア,ー,ボ,ッ,ク
ピ,カ,チ,ュ,ウ
ラ,イ,チ,ュ,ウ
サ,ン,ド
サ,ン,ド,パ,ン
ニ,ド,ラ,ン,♀
ニ,ド,リ,ー,ナ
ニ,ド,ク,イ,ン
ニ,ド,ラ,ン,♂
ニ,ド,リ,ー,ノ
ニ,ド,キ,ン,グ
ピ,ッ,ピ
ピ,ク,シ,ー
ロ,コ,ン
キ,ュ,ウ,コ,ン
プ,リ,ン
プ,ク,リ,ン
ズ,バ,ッ,ト
ゴ,ル,バ,ッ,ト
ナ,ゾ,ノ,ク,サ
ク,サ,イ,ハ,ナ
ラ,フ,レ,シ,ア
パ,ラ,ス
パ,ラ,セ,ク,ト
コ,ン,パ,ン
モ,ル,フ,ォ,ン
デ,ィ,グ,ダ
ダ,グ,ト,リ,オ
ニ,ャ,ー,ス
ペ,ル,シ,ア,ン
コ,ダ,ッ,ク
ゴ,ル,ダ,ッ,ク
マ,ン,キ,ー
オ,コ,リ,ザ,ル
ガ,ー,デ,ィ
ウ,イ,ン,デ,ィ
ニ,ョ,ロ,モ
ニ,ョ,ロ,ゾ
ニ,ョ,ロ,ボ,ン
ケ,ー,シ,ィ
ユ,ン,ゲ,ラ,ー
フ,ー,デ,ィ,ン
ワ,ン,リ,キ,ー
ゴ,ー,リ,キ,ー
カ,イ,リ,キ,ー
マ,ダ,ツ,ボ,ミ
ウ,ツ,ド,ン
ウ,ツ,ボ,ッ,ト
メ,ノ,ク,ラ,ゲ
ド,ク,ク,ラ,ゲ
イ,シ,ツ,ブ,テ
ゴ,ロ,ー,ン
ゴ,ロ,ー,ニ,ャ
ポ,ニ,ー,タ
ギ,ャ,ロ,ッ,プ
ヤ,ド,ン
ヤ,ド,ラ,ン
コ,イ,ル
レ,ア,コ,イ,ル
カ,モ,ネ,ギ
ド,ー,ド,ー
ド,ー,ド,リ,オ
パ,ウ,ワ,ウ
ジ,ュ,ゴ,ン
ベ,ト,ベ,タ,ー
ベ,ト,ベ,ト,ン
シ,ェ,ル,ダ,ー
パ,ル,シ,ェ,ン
ゴ,ー,ス
ゴ,ー,ス,ト
ゲ,ン,ガ,ー
イ,ワ,ー,ク
ス,リ,ー,プ
ス,リ,ー,パ,ー
ク,ラ,ブ
キ,ン,グ,ラ,ー
ビ,リ,リ,ダ,マ
マ,ル,マ,イ,ン
タ,マ,タ,マ
ナ,ッ,シ,ー
カ,ラ,カ,ラ
ガ,ラ,ガ,ラ
サ,ワ,ム,ラ,ー
エ,ビ,ワ,ラ,ー
ベ,ロ,リ,ン,ガ
ド,ガ,ー,ス
マ,タ,ド,ガ,ス
サ,イ,ホ,ー,ン
サ,イ,ド,ン
ラ,ッ,キ,ー
モ,ン,ジ,ャ,ラ
ガ,ル,ー,ラ
タ,ッ,ツ,ー
シ,ー,ド,ラ
ト,サ,キ,ン,ト
ア,ズ,マ,オ,ウ
ヒ,ト,デ,マ,ン
ス,タ,ー,ミ,ー
バ,リ,ヤ,ー,ド
ス,ト,ラ,イ,ク
ル,ー,ジ,ュ,ラ
エ,レ,ブ,ー
ブ,ー,バ,ー
カ,イ,ロ,ス
ケ,ン,タ,ロ,ス
コ,イ,キ,ン,グ
ギ,ャ,ラ,ド,ス
ラ,プ,ラ,ス
メ,タ,モ,ン
イ,ー,ブ,イ
シ,ャ,ワ,ー,ズ
サ,ン,ダ,ー,ス
ブ,ー,ス,タ,ー
ポ,リ,ゴ,ン
オ,ム,ナ,イ,ト
オ,ム,ス,タ,ー
カ,ブ,ト
カ,ブ,ト,プ,ス
プ,テ,ラ
カ,ビ,ゴ,ン
フ,リ,ー,ザ,ー
サ,ン,ダ,ー
フ,ァ,イ,ヤ,ー
ミ,ニ,リ,ュ,ウ
ハ,ク,リ,ュ,ー
カ,イ,リ,ュ,ー
ミ,ュ,ウ,ツ,ー
ミ,ュ,ウ
チ,コ,リ,ー,タ
ベ,イ,リ,ー,フ
メ,ガ,ニ,ウ,ム
ヒ,ノ,ア,ラ,シ
マ,グ,マ,ラ,シ
バ,ク,フ,ー,ン
ワ,ニ,ノ,コ
ア,リ,ゲ,イ,ツ
オ,ー,ダ,イ,ル
オ,タ,チ
オ,オ,タ,チ
ホ,ー,ホ,ー
ヨ,ル,ノ,ズ,ク
レ,デ,ィ,バ
レ,デ,ィ,ア,ン
イ,ト,マ,ル
ア,リ,ア,ド,ス
ク,ロ,バ,ッ,ト
チ,ョ,ン,チ,ー
ラ,ン,タ,ー,ン
ピ,チ,ュ,ー
ピ,ィ
プ,プ,リ,ン
ト,ゲ,ピ,ー
ト,ゲ,チ,ッ,ク
ネ,イ,テ,ィ
ネ,イ,テ,ィ,オ
メ,リ,ー,プ
モ,コ,コ
デ,ン,リ,ュ,ウ
キ,レ,イ,ハ,ナ
マ,リ,ル
マ,リ,ル,リ
ウ,ソ,ッ,キ,ー
ニ,ョ,ロ,ト,ノ
ハ,ネ,ッ,コ
ポ,ポ,ッ,コ
ワ,タ,ッ,コ
エ,イ,パ,ム
ヒ,マ,ナ,ッ,ツ
キ,マ,ワ,リ
ヤ,ン,ヤ,ン,マ
ウ,パ,ー
ヌ,オ,ー
エ,ー,フ,ィ
ブ,ラ,ッ,キ,ー
ヤ,ミ,カ,ラ,ス
ヤ,ド,キ,ン,グ
ム,ウ,マ
ア,ン,ノ,ー,ン
ソ,ー,ナ,ン,ス
キ,リ,ン,リ,キ
ク,ヌ,ギ,ダ,マ
フ,ォ,レ,ト,ス
ノ,コ,ッ,チ
グ,ラ,イ,ガ,ー
ハ,ガ,ネ,ー,ル
ブ,ル,ー
グ,ラ,ン,ブ,ル
ハ,リ,ー,セ,ン
ハ,ッ,サ,ム
ツ,ボ,ツ,ボ
ヘ,ラ,ク,ロ,ス
ニ,ュ,ー,ラ
ヒ,メ,グ,マ
リ,ン,グ,マ
マ,グ,マ,ッ,グ
マ,グ,カ,ル,ゴ
ウ,リ,ム,ー
イ,ノ,ム,ー
サ,ニ,ー,ゴ
テ,ッ,ポ,ウ,オ
オ,ク,タ,ン
デ,リ,バ,ー,ド
マ,ン,タ,イ,ン
エ,ア,ー,ム,ド
デ,ル,ビ,ル
ヘ,ル,ガ,ー
キ,ン,グ,ド,ラ
ゴ,マ,ゾ,ウ
ド,ン,フ,ァ,ン
ポ,リ,ゴ,ン,2
オ,ド,シ,シ
ド,ー,ブ,ル
バ,ル,キ,ー
カ,ポ,エ,ラ,ー
ム,チ,ュ,ー,ル
エ,レ,キ,ッ,ド
ブ,ビ,ィ
ミ,ル,タ,ン,ク
ハ,ピ,ナ,ス
ラ,イ,コ,ウ
エ,ン,テ,イ
ス,イ,ク,ン
ヨ,ー,ギ,ラ,ス
サ,ナ,ギ,ラ,ス
バ,ン,ギ,ラ,ス
ル,ギ,ア
ホ,ウ,オ,ウ
セ,レ,ビ,ィ
キ,モ,リ
ジ,ュ,プ,ト,ル
ジ,ュ,カ,イ,ン
ア,チ,ャ,モ
ワ,カ,シ,ャ,モ
バ,シ,ャ,ー,モ
ミ,ズ,ゴ,ロ,ウ
ヌ,マ,ク,ロ,ー
ラ,グ,ラ,ー,ジ
ポ,チ,エ,ナ
グ,ラ,エ,ナ
ジ,グ,ザ,グ,マ
マ,ッ,ス,グ,マ
ケ,ム,ッ,ソ
カ,ラ,サ,リ,ス
ア,ゲ,ハ,ン,ト
マ,ユ,ル,ド
ド,ク,ケ,イ,ル
ハ,ス,ボ,ー
ハ,ス,ブ,レ,ロ
ル,ン,パ,ッ,パ
タ,ネ,ボ,ー
コ,ノ,ハ,ナ
ダ,ー,テ,ン,グ
ス,バ,メ
オ,オ,ス,バ,メ
キ,ャ,モ,メ
ペ,リ,ッ,パ,ー
ラ,ル,ト,ス
キ,ル,リ,ア
サ,ー,ナ,イ,ト
ア,メ,タ,マ
ア,メ,モ,ー,ス
キ,ノ,コ,コ
キ,ノ,ガ,ッ,サ
ナ,マ,ケ,ロ
ヤ,ル,キ,モ,ノ
ケ,ッ,キ,ン,グ
ツ,チ,ニ,ン
テ,ッ,カ,ニ,ン
ヌ,ケ,ニ,ン
ゴ,ニ,ョ,ニ,ョ
ド,ゴ,ー,ム
バ,ク,オ,ン,グ
マ,ク,ノ,シ,タ
ハ,リ,テ,ヤ,マ
ル,リ,リ
ノ,ズ,パ,ス
エ,ネ,コ
エ,ネ,コ,ロ,ロ
ヤ,ミ,ラ,ミ
ク,チ,ー,ト
コ,コ,ド,ラ
コ,ド,ラ
ボ,ス,ゴ,ド,ラ
ア,サ,ナ,ン
チ,ャ,ー,レ,ム
ラ,ク,ラ,イ
ラ,イ,ボ,ル,ト
プ,ラ,ス,ル
マ,イ,ナ,ン
バ,ル,ビ,ー,ト
イ,ル,ミ,ー,ゼ
ロ,ゼ,リ,ア
ゴ,ク,リ,ン
マ,ル,ノ,ー,ム
キ,バ,ニ,ア
サ,メ,ハ,ダ,ー
ホ,エ,ル,コ
ホ,エ,ル,オ,ー
ド,ン,メ,ル
バ,ク,ー,ダ
コ,ー,タ,ス
バ,ネ,ブ,ー
ブ,ー,ピ,ッ,グ
パ,ッ,チ,ー,ル
ナ,ッ,ク,ラ,ー
ビ,ブ,ラ,ー,バ
フ,ラ,イ,ゴ,ン
サ,ボ,ネ,ア
ノ,ク,タ,ス
チ,ル,ッ,ト
チ,ル,タ,リ,ス
ザ,ン,グ,ー,ス
ハ,ブ,ネ,ー,ク
ル,ナ,ト,ー,ン
ソ,ル,ロ,ッ,ク
ド,ジ,ョ,ッ,チ
ナ,マ,ズ,ン
ヘ,イ,ガ,ニ
シ,ザ,リ,ガ,ー
ヤ,ジ,ロ,ン
ネ,ン,ド,ー,ル
リ,リ,ー,ラ
ユ,レ,イ,ド,ル
ア,ノ,プ,ス
ア,ー,マ,ル,ド
ヒ,ン,バ,ス
ミ,ロ,カ,ロ,ス
ポ,ワ,ル,ン
カ,ク,レ,オ,ン
カ,ゲ,ボ,ウ,ズ
ジ,ュ,ペ,ッ,タ
ヨ,マ,ワ,ル
サ,マ,ヨ,ー,ル
ト,ロ,ピ,ウ,ス
チ,リ,ー,ン
ア,ブ,ソ,ル
ソ,ー,ナ,ノ
ユ,キ,ワ,ラ,シ
オ,ニ,ゴ,ー,リ
タ,マ,ザ,ラ,シ
ト,ド,グ,ラ,ー
ト,ド,ゼ,ル,ガ
パ,ー,ル,ル
ハ,ン,テ,ー,ル
サ,ク,ラ,ビ,ス
ジ,ー,ラ,ン,ス
ラ,ブ,カ,ス
タ,ツ,ベ,イ
コ,モ,ル,ー
ボ,ー,マ,ン,ダ
ダ,ン,バ,ル
メ,タ,ン,グ
メ,タ,グ,ロ,ス
レ,ジ,ロ,ッ,ク
レ,ジ,ア,イ,ス
レ,ジ,ス,チ,ル
ラ,テ,ィ,ア,ス
ラ,テ,ィ,オ,ス
カ,イ,オ,ー,ガ
グ,ラ,ー,ド,ン
レ,ッ,ク,ウ,ザ
ジ,ラ,ー,チ
デ,オ,キ,シ,ス
ナ,エ,ト,ル
ハ,ヤ,シ,ガ,メ
ド,ダ,イ,ト,ス
ヒ,コ,ザ,ル
モ,ウ,カ,ザ,ル
ゴ,ウ,カ,ザ,ル
ポ,ッ,チ,ャ,マ
ポ,ッ,タ,イ,シ
エ,ン,ペ,ル,ト
ム,ッ,ク,ル
ム,ク,バ,ー,ド
ム,ク,ホ,ー,ク
ビ,ッ,パ
ビ,ー,ダ,ル
コ,ロ,ボ,ー,シ
コ,ロ,ト,ッ,ク
コ,リ,ン,ク
ル,ク,シ,オ
レ,ン,ト,ラ,ー
ス,ボ,ミ,ー
ロ,ズ,レ,イ,ド
ズ,ガ,イ,ド,ス
ラ,ム,パ,ル,ド
タ,テ,ト,プ,ス
ト,リ,デ,プ,ス
ミ,ノ,ム,ッ,チ
ミ,ノ,マ,ダ,ム
ガ,ー,メ,イ,ル
ミ,ツ,ハ,ニ,ー
ビ,ー,ク,イ,ン
パ,チ,リ,ス
ブ,イ,ゼ,ル
フ,ロ,ー,ゼ,ル
チ,ェ,リ,ン,ボ
チ,ェ,リ,ム
カ,ラ,ナ,ク,シ
ト,リ,ト,ド,ン
エ,テ,ボ,ー,ス
フ,ワ,ン,テ
フ,ワ,ラ,イ,ド
ミ,ミ,ロ,ル
ミ,ミ,ロ,ッ,プ
ム,ウ,マ,ー,ジ
ド,ン,カ,ラ,ス
ニ,ャ,ル,マ,ー
ブ,ニ,ャ,ッ,ト
リ,ー,シ,ャ,ン
ス,カ,ン,プ,ー
ス,カ,タ,ン,ク
ド,ー,ミ,ラ,ー
ド,ー,タ,ク,ン
ウ,ソ,ハ,チ
マ,ネ,ネ
ピ,ン,プ,ク
ペ,ラ,ッ,プ
ミ,カ,ル,ゲ
フ,カ,マ,ル
ガ,バ,イ,ト
ガ,ブ,リ,ア,ス
ゴ,ン,ベ
リ,オ,ル
ル,カ,リ,オ
ヒ,ポ,ポ,タ,ス
カ,バ,ル,ド,ン
ス,コ,ル,ピ
ド,ラ,ピ,オ,ン
グ,レ,ッ,グ,ル
ド,ク,ロ,ッ,グ
マ,ス,キ,ッ,パ
ケ,イ,コ,ウ,オ
ネ,オ,ラ,ン,ト
タ,マ,ン,タ
ユ,キ,カ,ブ,リ
ユ,キ,ノ,オ,ー
マ,ニ,ュ,ー,ラ
ジ,バ,コ,イ,ル
ベ,ロ,ベ,ル,ト
ド,サ,イ,ド,ン
モ,ジ,ャ,ン,ボ
エ,レ,キ,ブ,ル
ブ,ー,バ,ー,ン
ト,ゲ,キ,ッ,ス
メ,ガ,ヤ,ン,マ
リ,ー,フ,ィ,ア
グ,レ,イ,シ,ア
グ,ラ,イ,オ,ン
マ,ン,ム,ー
ポ,リ,ゴ,ン,Z
エ,ル,レ,イ,ド
ダ,イ,ノ,ー,ズ
ヨ,ノ,ワ,ー,ル
ユ,キ,メ,ノ,コ
ロ,ト,ム
ユ,ク,シ,ー
エ,ム,リ,ッ,ト
ア,グ,ノ,ム
デ,ィ,ア,ル,ガ
パ,ル,キ,ア
ヒ,ー,ド,ラ,ン
レ,ジ,ギ,ガ,ス
ギ,ラ,テ,ィ,ナ
ク,レ,セ,リ,ア
フ,ィ,オ,ネ
マ,ナ,フ,ィ
ダ,ー,ク,ラ,イ
シ,ェ,イ,ミ
ア,ル,セ,ウ,ス
ビ,ク,テ,ィ,ニ
ツ,タ,ー,ジ,ャ
ジ,ャ,ノ,ビ,ー
ジ,ャ,ロ,ー,ダ
ポ,カ,ブ
チ,ャ,オ,ブ,ー
エ,ン,ブ,オ,ー
ミ,ジ,ュ,マ,ル
フ,タ,チ,マ,ル
ダ,イ,ケ,ン,キ
ミ,ネ,ズ,ミ
ミ,ル,ホ,ッ,グ
ヨ,ー,テ,リ,ー
ハ,ー,デ,リ,ア
ム,ー,ラ,ン,ド
チ,ョ,ロ,ネ,コ
レ,パ,ル,ダ,ス
ヤ,ナ,ッ,プ
ヤ,ナ,ッ,キ,ー
バ,オ,ッ,プ
バ,オ,ッ,キ,ー
ヒ,ヤ,ッ,プ
ヒ,ヤ,ッ,キ,ー
ム,ン,ナ
ム,シ,ャ,ー,ナ
マ,メ,パ,ト
ハ,ト,ー,ボ,ー
ケ,ン,ホ,ロ,ウ
シ,マ,マ
ゼ,ブ,ラ,イ,カ
ダ,ン,ゴ,ロ
ガ,ン,ト,ル
ギ,ガ,イ,ア,ス
コ,ロ,モ,リ
コ,コ,ロ,モ,リ
モ,グ,リ,ュ,ー
ド,リ,ュ,ウ,ズ
タ,ブ,ン,ネ
ド,ッ,コ,ラ,ー
ド,テ,ッ,コ,ツ
ロ,ー,ブ,シ,ン
オ,タ,マ,ロ
ガ,マ,ガ,ル
ガ,マ,ゲ,ロ,ゲ
ナ,ゲ,キ
ダ,ゲ,キ
ク,ル,ミ,ル
ク,ル,マ,ユ
ハ,ハ,コ,モ,リ
フ,シ,デ
ホ,イ,ー,ガ
ペ,ン,ド,ラ,ー
モ,ン,メ,ン
エ,ル,フ,ー,ン
チ,ュ,リ,ネ
ド,レ,デ,ィ,ア
バ,ス,ラ,オ
メ,グ,ロ,コ
ワ,ル,ビ,ル
ワ,ル,ビ,ア,ル
ダ,ル,マ,ッ,カ
ヒ,ヒ,ダ,ル,マ
マ,ラ,カ,ッ,チ
イ,シ,ズ,マ,イ
イ,ワ,パ,レ,ス
ズ,ル,ッ,グ
ズ,ル,ズ,キ,ン
シ,ン,ボ,ラ,ー
デ,ス,マ,ス
デ,ス,カ,ー,ン
プ,ロ,ト,ー,ガ
ア,バ,ゴ,ー,ラ
ア,ー,ケ,ン
ア,ー,ケ,オ,ス
ヤ,ブ,ク,ロ,ン
ダ,ス,ト,ダ,ス
ゾ,ロ,ア
ゾ,ロ,ア,ー,ク
チ,ラ,ー,ミ,ィ
チ,ラ,チ,ー,ノ
ゴ,チ,ム
ゴ,チ,ミ,ル
ゴ,チ,ル,ゼ,ル
ユ,ニ,ラ,ン
ダ,ブ,ラ,ン
ラ,ン,ク,ル,ス
コ,ア,ル,ヒ,ー
ス,ワ,ン,ナ
バ,ニ,プ,ッ,チ
バ,ニ,リ,ッ,チ
バ,イ,バ,ニ,ラ
シ,キ,ジ,カ
メ,ブ,キ,ジ,カ
エ,モ,ン,ガ
カ,ブ,ル,モ
シ,ュ,バ,ル,ゴ
タ,マ,ゲ,タ,ケ
モ,ロ,バ,レ,ル
プ,ル,リ,ル
ブ,ル,ン,ゲ,ル
マ,マ,ン,ボ,ウ
バ,チ,ュ,ル
デ,ン,チ,ュ,ラ
テ,ッ,シ,ー,ド
ナ,ッ,ト,レ,イ
ギ,ア,ル
ギ,ギ,ア,ル
ギ,ギ,ギ,ア,ル
シ,ビ,シ,ラ,ス
シ,ビ,ビ,ー,ル
シ,ビ,ル,ド,ン
リ,グ,レ,ー
オ,ー,ベ,ム
ヒ,ト,モ,シ
ラ,ン,プ,ラ,ー
シ,ャ,ン,デ,ラ
キ,バ,ゴ
オ,ノ,ン,ド
オ,ノ,ノ,ク,ス
ク,マ,シ,ュ,ン
ツ,ン,ベ,ア,ー
フ,リ,ー,ジ,オ
チ,ョ,ボ,マ,キ
ア,ギ,ル,ダ,ー
マ,ッ,ギ,ョ
コ,ジ,ョ,フ,ー
コ,ジ,ョ,ン,ド
ク,リ,ム,ガ,ン
ゴ,ビ,ッ,ト
ゴ,ル,ー,グ
コ,マ,タ,ナ
キ,リ,キ,ザ,ン
バ,ッ,フ,ロ,ン
ワ,シ,ボ,ン
ウ,ォ,ー,グ,ル
バ,ル,チ,ャ,イ
バ,ル,ジ,ー,ナ
ク,イ,タ,ラ,ン
ア,イ,ア,ン,ト
モ,ノ,ズ
ジ,ヘ,ッ,ド
サ,ザ,ン,ド,ラ
メ,ラ,ル,バ
ウ,ル,ガ,モ,ス
コ,バ,ル,オ,ン
テ,ラ,キ,オ,ン
ビ,リ,ジ,オ,ン
ト,ル,ネ,ロ,ス
ボ,ル,ト,ロ,ス
レ,シ,ラ,ム
ゼ,ク,ロ,ム
ラ,ン,ド,ロ,ス
キ,ュ,レ,ム
ケ,ル,デ,ィ,オ
メ,ロ,エ,ッ,タ
ゲ,ノ,セ,ク,ト
ハ,リ,マ,ロ,ン
ハ,リ,ボ,ー,グ
ブ,リ,ガ,ロ,ン
フ,ォ,ッ,コ
テ,ー,ル,ナ,ー
マ,フ,ォ,ク,シ,ー
ケ,ロ,マ,ツ
ゲ,コ,ガ,シ,ラ
ゲ,ッ,コ,ウ,ガ
ホ,ル,ビ,ー
ホ,ル,ー,ド
ヤ,ヤ,コ,マ
ヒ,ノ,ヤ,コ,マ
フ,ァ,イ,ア,ロ,ー
コ,フ,キ,ム,シ
コ,フ,ー,ラ,イ
ビ,ビ,ヨ,ン
シ,シ,コ
カ,エ,ン,ジ,シ
フ,ラ,ベ,ベ
フ,ラ,エ,ッ,テ
フ,ラ,ー,ジ,ェ,ス
メ,ェ,ー,ク,ル
ゴ,ー,ゴ,ー,ト
ヤ,ン,チ,ャ,ム
ゴ,ロ,ン,ダ
ト,リ,ミ,ア,ン
ニ,ャ,ス,パ,ー
ニ,ャ,オ,ニ,ク,ス
ヒ,ト,ツ,キ
ニ,ダ,ン,ギ,ル
ギ,ル,ガ,ル,ド
シ,ュ,シ,ュ,プ
フ,レ,フ,ワ,ン
ペ,ロ,ッ,パ,フ
ペ,ロ,リ,ー,ム
マ,ー,イ,ー,カ
カ,ラ,マ,ネ,ロ
カ,メ,テ,テ
ガ,メ,ノ,デ,ス
ク,ズ,モ,ー
ド,ラ,ミ,ド,ロ
ウ,デ,ッ,ポ,ウ
ブ,ロ,ス,タ,ー
エ,リ,キ,テ,ル
エ,レ,ザ,ー,ド
チ,ゴ,ラ,ス
ガ,チ,ゴ,ラ,ス
ア,マ,ル,ス
ア,マ,ル,ル,ガ
ニ,ン,フ,ィ,ア
ル,チ,ャ,ブ,ル
デ,デ,ン,ネ
メ,レ,シ,ー
ヌ,メ,ラ
ヌ,メ,イ,ル
ヌ,メ,ル,ゴ,ン
ク,レ,ッ,フ,ィ
ボ,ク,レ,ー
オ,ー,ロ,ッ,ト
バ,ケ,ッ,チ,ャ
パ,ン,プ,ジ,ン
カ,チ,コ,ー,ル
ク,レ,ベ,ー,ス
オ,ン,バ,ッ,ト
オ,ン,バ,ー,ン
ゼ,ル,ネ,ア,ス
イ,ベ,ル,タ,ル
ジ,ガ,ル,デ
デ,ィ,ア,ン,シ,ー
フ,ー,パ
ボ,ル,ケ,ニ,オ,ン
モ,ク,ロ,ー
フ,ク,ス,ロ,ー
ジ,ュ,ナ,イ,パ,ー
ニ,ャ,ビ,ー
ニ,ャ,ヒ,ー,ト
ガ,オ,ガ,エ,ン
ア,シ,マ,リ
オ,シ,ャ,マ,リ
ア,シ,レ,ー,ヌ
ツ,ツ,ケ,ラ
ケ,ラ,ラ,ッ,パ
ド,デ,カ,バ,シ
ヤ,ン,グ,ー,ス
デ,カ,グ,ー,ス
ア,ゴ,ジ,ム,シ
デ,ン,ヂ,ム,シ
ク,ワ,ガ,ノ,ン
マ,ケ,ン,カ,ニ
ケ,ケ,ン,カ,ニ
オ,ド,リ,ド,リ
ア,ブ,リ,ー
ア,ブ,リ,ボ,ン
イ,ワ,ン,コ
ル,ガ,ル,ガ,ン
ヨ,ワ,シ
ヒ,ド,イ,デ
ド,ヒ,ド,イ,デ
ド,ロ,バ,ン,コ
バ,ン,バ,ド,ロ
シ,ズ,ク,モ
オ,ニ,シ,ズ,ク,モ
カ,リ,キ,リ
ラ,ラ,ン,テ,ス
ネ,マ,シ,ュ
マ,シ,ェ,ー,ド
ヤ,ト,ウ,モ,リ
エ,ン,ニ,ュ,ー,ト
ヌ,イ,コ,グ,マ
キ,テ,ル,グ,マ
ア,マ,カ,ジ
ア,マ,マ,イ,コ
ア,マ,ー,ジ,ョ
キ,ュ,ワ,ワ,ー
ヤ,レ,ユ,ー,タ,ン
ナ,ゲ,ツ,ケ,サ,ル
コ,ソ,ク,ム,シ
グ,ソ,ク,ム,シ,ャ
ス,ナ,バ,ァ
シ,ロ,デ,ス,ナ
ナ,マ,コ,ブ,シ
タ,イ,プ,:,ヌ,ル
シ,ル,ヴ,ァ,デ,ィ
メ,テ,ノ
ネ,ッ,コ,ア,ラ
バ,ク,ガ,メ,ス
ト,ゲ,デ,マ,ル
ミ,ミ,ッ,キ,ュ
ハ,ギ,ギ,シ,リ
ジ,ジ,ー,ロ,ン
ダ,ダ,リ,ン
ジ,ャ,ラ,コ
ジ,ャ,ラ,ン,ゴ
ジ,ャ,ラ,ラ,ン,ガ
カ,プ,・,コ,ケ,コ
カ,プ,・,テ,テ,フ
カ,プ,・,ブ,ル,ル
カ,プ,・,レ,ヒ,レ
コ,ス,モ,ッ,グ
コ,ス,モ,ウ,ム
ソ,ル,ガ,レ,オ
ル,ナ,ア,ー,ラ
ウ,ツ,ロ,イ,ド
マ,ッ,シ,ブ,ー,ン
フ,ェ,ロ,ー,チ,ェ
デ,ン,ジ,ュ,モ,ク
テ,ッ,カ,グ,ヤ
カ,ミ,ツ,ル,ギ
ア,ク,ジ,キ,ン,グ
ネ,ク,ロ,ズ,マ
マ,ギ,ア,ナ
マ,ー,シ,ャ,ド,ー
ベ,ベ,ノ,ム
ア,ー,ゴ,ヨ,ン
ツ,ン,デ,ツ,ン,デ
ズ,ガ,ド,ー,ン
ゼ,ラ,オ,ラ
メ,ル,タ,ン
メ,ル,メ,タ,ル
サ,ル,ノ,リ
バ,チ,ン,キ,ー
ゴ,リ,ラ,ン,ダ,ー
ヒ,バ,ニ,ー
ラ,ビ,フ,ッ,ト
エ,ー,ス,バ,ー,ン
メ,ッ,ソ,ン
ジ,メ,レ,オ,ン
イ,ン,テ,レ,オ,ン
ホ,シ,ガ,リ,ス
ヨ,ク,バ,リ,ス
コ,コ,ガ,ラ
ア,オ,ガ,ラ,ス
ア,ー,マ,ー,ガ,ア
サ,ッ,チ,ム,シ
レ,ド,ー,ム,シ
イ,オ,ル,ブ
ク,ス,ネ
フ,ォ,ク,ス,ラ,イ
ヒ,メ,ン,カ
ワ,タ,シ,ラ,ガ
ウ,ー,ル,ー
バ,イ,ウ,ー,ル,ー
カ,ム,カ,メ
カ,ジ,リ,ガ,メ
ワ,ン,パ,チ
パ,ル,ス,ワ,ン
タ,ン,ド,ン
ト,ロ,ッ,ゴ,ン
セ,キ,タ,ン,ザ,ン
カ,ジ,ッ,チ,ュ
ア,ッ,プ,リ,ュ,ー
タ,ル,ッ,プ,ル
ス,ナ,ヘ,ビ
サ,ダ,イ,ジ,ャ
ウ,ッ,ウ
サ,シ,カ,マ,ス
カ,マ,ス,ジ,ョ,ー
エ,レ,ズ,ン
ス,ト,リ,ン,ダ,ー
ヤ,ク,デ
マ,ル,ヤ,ク,デ
タ,タ,ッ,コ
オ,ト,ス,パ,ス
ヤ,バ,チ,ャ
ポ,ッ,ト,デ,ス
ミ,ブ,リ,ム
テ,ブ,リ,ム
ブ,リ,ム,オ,ン
ベ,ロ,バ,ー
ギ,モ,ー
オ,ー,ロ,ン,ゲ
タ,チ,フ,サ,グ,マ
ニ,ャ,イ,キ,ン,グ
サ,ニ,ゴ,ー,ン
ネ,ギ,ガ,ナ,イ,ト
バ,リ,コ,オ,ル
デ,ス,バ,ー,ン
マ,ホ,ミ,ル
マ,ホ,イ,ッ,プ
タ,イ,レ,ー,ツ
バ,チ,ン,ウ,ニ
ユ,キ,ハ,ミ
モ,ス,ノ,ウ
イ,シ,ヘ,ン,ジ,ン
コ,オ,リ,ッ,ポ
イ,エ,ッ,サ,ン
モ,ル,ペ,コ
ゾ,ウ,ド,ウ
ダ,イ,オ,ウ,ド,ウ
パ,ッ,チ,ラ,ゴ,ン
パ,ッ,チ,ル,ド,ン
ウ,オ,ノ,ラ,ゴ,ン
ウ,オ,チ,ル,ド,ン
ジ,ュ,ラ,ル,ド,ン
ド,ラ,メ,シ,ヤ
ド,ロ,ン,チ
ド,ラ,パ,ル,ト
ザ,シ,ア,ン
ザ,マ,ゼ,ン,タ
ム,ゲ,ン,ダ,イ,ナ
ダ,ク,マ
ウ,ー,ラ,オ,ス
ザ,ル,ー,ド
レ,ジ,エ,レ,キ
レ,ジ,ド,ラ,ゴ
ブ,リ,ザ,ポ,ス
レ,イ,ス,ポ,ス
バ,ド,レ,ッ,ク,ス
ア,ヤ,シ,シ
バ,サ,ギ,リ
ガ,チ,グ,マ
イ,ダ,イ,ト,ウ
オ,オ,ニ,ュ,ー,ラ
ハ,リ,ー,マ,ン
ラ,ブ,ト,ロ,ス
ニ,ャ,オ,ハ
ニ,ャ,ロ,ー,テ
マ,ス,カ,ー,ニ,ャ
ホ,ゲ,ー,タ
ア,チ,ゲ,ー,タ
ラ,ウ,ド,ボ,ー,ン
ク,ワ,ッ,ス
ウ,ェ,ル,カ,モ
ウ,ェ,ー,ニ,バ,ル
グ,ル,ト,ン
パ,フ,ュ,ー,ト,ン
タ,マ,ン,チ,ュ,ラ
ワ,ナ,イ,ダ,ー
マ,メ,バ,ッ,タ
エ,ク,ス,レ,ッ,グ
パ,モ
パ,モ,ッ,ト
パ,ー,モ,ッ,ト
ワ,ッ,カ,ネ,ズ,ミ
イ,ッ,カ,ネ,ズ,ミ
パ,ピ,モ,ッ,チ
バ,ウ,ッ,ツ,ェ,ル
ミ,ニ,ー,ブ
オ,リ,ー,ニ,ョ
オ,リ,ー,ヴ,ァ
イ,キ,リ,ン,コ
コ,ジ,オ
ジ,オ,ヅ,ム
キ,ョ,ジ,オ,ー,ン
カ,ル,ボ,ウ
グ,レ,ン,ア,ル,マ
ソ,ウ,ブ,レ,イ,ズ
ズ,ピ,カ
ハ,ラ,バ,リ,ー
カ,イ,デ,ン
タ,イ,カ,イ,デ,ン
オ,ラ,チ,フ
マ,フ,ィ,テ,ィ,フ
シ,ル,シ,ュ,ル,ー
タ,ギ,ン,グ,ル
ア,ノ,ク,サ
ア,ノ,ホ,ラ,グ,サ
ノ,ノ,ク,ラ,ゲ
リ,ク,ク,ラ,ゲ
ガ,ケ,ガ,ニ
カ,プ,サ,イ,ジ
ス,コ,ヴ,ィ,ラ,ン
シ,ガ,ロ,コ
ベ,ラ,カ,ス
ヒ,ラ,ヒ,ナ
ク,エ,ス,パ,ト,ラ
カ,ヌ,チ,ャ,ン
ナ,カ,ヌ,チ,ャ,ン
デ,カ,ヌ,チ,ャ,ン
ウ,ミ,デ,ィ,グ,ダ
ウ,ミ,ト,リ,オ
オ,ト,シ,ド,リ
ナ,ミ,イ,ル,カ
イ,ル,カ,マ,ン
ブ,ロ,ロ,ン
ブ,ロ,ロ,ロ,ー,ム
モ,ト,ト,カ,ゲ
ミ,ミ,ズ,ズ
キ,ラ,ー,メ
キ,ラ,フ,ロ,ル
ボ,チ
ハ,カ,ド,ッ,グ
カ,ラ,ミ,ン,ゴ
ア,ル,ク,ジ,ラ
ハ,ル,ク,ジ,ラ
ミ,ガ,ル,ー,サ
ヘ,イ,ラ,ッ,シ,ャ
シ,ャ,リ,タ,ツ
コ,ノ,ヨ,ザ,ル
ド,オ,ー
リ,キ,キ,リ,ン
ノ,コ,コ,ッ,チ
ド,ド,ゲ,ザ,ン
イ,ダ,イ,ナ,キ,バ
サ,ケ,ブ,シ,ッ,ポ
ア,ラ,ブ,ル,タ,ケ
ハ,バ,タ,ク,カ,ミ
チ,ヲ,ハ,ウ,ハ,ネ
ス,ナ,ノ,ケ,ガ,ワ
テ,ツ,ノ,ワ,ダ,チ
テ,ツ,ノ,ツ,ツ,ミ
テ,ツ,ノ,カ,イ,ナ
テ,ツ,ノ,コ,ウ,ベ
テ,ツ,ノ,ド,ク,ガ
テ,ツ,ノ,イ,バ,ラ
セ,ビ,エ
セ,ゴ,ー,ル
セ,グ,レ,イ,ブ
コ,レ,ク,レ,ー
サ,ー,フ,ゴ,ー
チ,オ,ン,ジ,ェ,ン
パ,オ,ジ,ア,ン
デ,ィ,ン,ル,ー
イ,ー,ユ,イ
ト,ド,ロ,ク,ツ,キ
テ,ツ,ノ,ブ,ジ,ン
コ,ラ,イ,ド,ン
ミ,ラ,イ,ド,ン
ウ,ネ,ル,ミ,ナ,モ
テ,ツ,ノ,イ,サ,ハ
カ,ミ,ッ,チ,ュ
チ,ャ,デ,ス
ヤ,バ,ソ,チ,ャ
イ,イ,ネ,イ,ヌ
マ,シ,マ,シ,ラ
キ,チ,キ,ギ,ス
オ,ー,ガ,ポ,ン
ブ,リ,ジ,ュ,ラ,ス
カ,ミ,ツ,オ,ロ,チ
ウ,ガ,ツ,ホ,ム,ラ
タ,ケ,ル,ラ,イ,コ
テ,ツ,ノ,イ,ワ,オ
テ,ツ,ノ,カ,シ,ラ
テ,ラ,パ,ゴ,ス
モ,モ,ワ,ロ,ウ
